symbol,_tickSize,qty,buyPrice,sellPrice,boughtTimestamp,soldTimestamp,duration,pnl,tradeNumber,cummulative
NQH5,0.25,1,21356,21348,1/28/2025 2:04,1/28/2025 2:05,1min 0sec,($160.00),1,($160.00)
NQH5,0.25,1,21312,21308,1/28/2025 2:22,1/28/2025 2:26,4min 5sec,($80.00),2,($240.00)
NQH5,0.25,1,21312,21304,1/28/2025 2:30,1/28/2025 2:29,-88sec,($160.00),3,($400.00)
NQH5,0.25,1,21372,21364,1/28/2025 3:38,1/28/2025 3:39,1min 53sec,($160.00),4,($560.00)
NQH5,0.25,1,21380,21388,1/28/2025 5:27,1/28/2025 5:18,-498sec,$160.00 ,5,($400.00)
NQH5,0.25,1,21352,21348,1/28/2025 5:40,1/28/2025 5:46,6min 41sec,($80.00),6,($480.00)
NQH5,0.25,1,21316,21336,1/28/2025 6:02,1/28/2025 5:58,-262sec,$400.00 ,7,($80.00)
NQH5,0.25,1,21268,21276,1/28/2025 6:20,1/28/2025 6:18,-76sec,$160.00 ,8,$80.00 
NQH5,0.25,1,21272,21268,1/28/2025 6:32,1/28/2025 6:30,-106sec,($80.00),9,$0.00 
NQH5,0.25,1,21272,21292,1/28/2025 6:34,1/28/2025 6:38,4min 18sec,$400.00 ,10,$400.00 
NQH5,0.25,1,21288,21284,1/28/2025 6:42,1/28/2025 6:40,-116sec,($80.00),11,$320.00 
NQH5,0.25,1,21300,21312,1/28/2025 6:52,1/28/2025 7:00,8min 26sec,$240.00 ,12,$560.00 
NQH5,0.25,1,21300,21292,1/28/2025 7:11,1/28/2025 7:07,-216sec,($160.00),13,$400.00 
NQH5,0.25,1,21320,21316,1/28/2025 7:16,1/28/2025 7:20,4min 11sec,($80.00),14,$320.00 
NQH5,0.25,1,21320,21332,1/28/2025 7:33,1/28/2025 7:31,-123sec,$240.00 ,15,$560.00 
NQH5,0.25,1,21288,21284,1/28/2025 8:11,1/28/2025 8:07,-262sec,($80.00),16,$480.00 
NQH5,0.25,1,21264,21284,1/28/2025 8:31,1/28/2025 8:31,-15sec,$400.00 ,17,$880.00 
NQH5,0.25,1,21268,21256,1/28/2025 8:33,1/28/2025 8:33,15sec,($240.00),18,$640.00 
NQH5,0.25,1,21256,21260,1/28/2025 8:35,1/28/2025 8:34,-59sec,$80.00 ,19,$720.00 
NQH5,0.25,1,21192,21204,1/28/2025 8:42,1/28/2025 8:41,-71sec,$240.00 ,20,$960.00 
NQH5,0.25,1,21204,21200,1/28/2025 8:45,1/28/2025 8:46,1min 11sec,($80.00),21,$880.00 
NQH5,0.25,1,21176,21180,1/28/2025 8:47,1/28/2025 8:46,-17sec,$80.00 ,22,$960.00 
NQH5,0.25,1,21188,21208,1/28/2025 8:49,1/28/2025 8:50,43sec,$400.00 ,23,"$1,360.00 "
NQH5,0.25,1,21196,21188,1/28/2025 8:51,1/28/2025 8:50,-8sec,($160.00),24,"$1,200.00 "
NQH5,0.25,1,21216,21232,1/28/2025 8:51,1/28/2025 8:51,26sec,$320.00 ,25,"$1,520.00 "
NQH5,0.25,1,21268,21272,1/28/2025 8:55,1/28/2025 8:55,0sec,$80.00 ,26,"$1,600.00 "
NQH5,0.25,1,21280,21272,1/28/2025 8:56,1/28/2025 8:59,2min 7sec,($160.00),27,"$1,440.00 "
NQH5,0.25,1,21292,21324,1/28/2025 9:00,1/28/2025 9:01,1min 1sec,$640.00 ,28,"$2,080.00 "
NQH5,0.25,1,21456,21456,1/28/2025 9:32,1/28/2025 9:31,-67sec,$0.00 ,29,"$2,080.00 "
NQH5,0.25,1,21424,21448,1/28/2025 9:37,1/28/2025 9:38,1min 15sec,$480.00 ,30,"$2,560.00 "
NQH5,0.25,1,21428,21440,1/28/2025 9:43,1/28/2025 9:41,-86sec,$240.00 ,31,"$2,800.00 "
NQH5,0.25,1,21420,21416,1/28/2025 9:46,1/28/2025 9:47,1min 15sec,($80.00),32,"$2,720.00 "
NQH5,0.25,1,21416,21424,1/28/2025 9:54,1/28/2025 9:52,-67sec,$160.00 ,33,"$2,880.00 "
NQH5,0.25,1,21424,21460,1/28/2025 9:56,1/28/2025 10:01,4min 32sec,$720.00 ,34,"$3,600.00 "
NQH5,0.25,1,21432,21444,1/28/2025 10:02,1/28/2025 10:01,-44sec,$240.00 ,35,"$3,840.00 "
NQH5,0.25,1,21444,21456,1/28/2025 10:04,1/28/2025 10:06,2min 9sec,$240.00 ,36,"$4,080.00 "
NQH5,0.25,1,21456,21452,1/28/2025 10:15,1/28/2025 10:13,-81sec,($80.00),37,"$4,000.00 "
NQH5,0.25,1,21412,21428,1/28/2025 10:25,1/28/2025 10:24,-57sec,$320.00 ,38,"$4,320.00 "
NQH5,0.25,1,21400,21408,1/28/2025 10:29,1/28/2025 10:28,-59sec,$160.00 ,39,"$4,480.00 "
NQH5,0.25,1,21416,21416,1/28/2025 10:37,1/28/2025 10:38,56sec,$0.00 ,40,"$4,480.00 "
NQH5,0.25,1,21404,21416,1/28/2025 10:43,1/28/2025 10:41,-116sec,$240.00 ,41,"$4,720.00 "
NQH5,0.25,1,21420,21420,1/28/2025 10:44,1/28/2025 10:46,1min 24sec,$0.00 ,42,"$4,720.00 "
NQH5,0.25,1,21412,21420,1/28/2025 10:51,1/28/2025 10:51,-34sec,$160.00 ,43,"$4,880.00 "
NQH5,0.25,1,21432,21444,1/28/2025 10:53,1/28/2025 10:54,1min 37sec,$240.00 ,44,"$5,120.00 "
NQH5,0.25,1,21552,21544,1/28/2025 11:55,1/28/2025 11:56,51sec,($160.00),45,"$4,960.00 "
NQH5,0.25,1,21556,21560,1/28/2025 12:04,1/28/2025 12:06,1min 41sec,$80.00 ,46,"$5,040.00 "
NQH5,0.25,1,21556,21564,1/28/2025 12:27,1/28/2025 12:24,-195sec,$160.00 ,47,"$5,200.00 "
NQH5,0.25,1,21520,21532,1/28/2025 13:09,1/28/2025 13:06,-202sec,$240.00 ,48,"$5,440.00 "
NQH5,0.25,1,21544,21556,1/28/2025 13:18,1/28/2025 13:25,7min 45sec,$240.00 ,49,"$5,680.00 "
NQH5,0.25,1,21676,21676,1/29/2025 2:00,1/29/2025 2:02,2min 13sec,$0.00 ,50,"$5,680.00 "
NQH5,0.25,1,21676,21664,1/29/2025 2:16,1/29/2025 2:15,-36sec,($240.00),51,"$5,440.00 "
NQH5,0.25,1,21692,21684,1/29/2025 2:33,1/29/2025 2:35,1min 41sec,($160.00),52,"$5,280.00 "
NQH5,0.25,1,21676,21668,1/29/2025 2:40,1/29/2025 2:38,-121sec,($160.00),53,"$5,120.00 "
NQH5,0.25,1,21652,21648,1/29/2025 3:41,1/29/2025 3:34,-421sec,($80.00),54,"$5,040.00 "
NQH5,0.25,1,21664,21672,1/29/2025 3:48,1/29/2025 3:52,4min 0sec,$160.00 ,55,"$5,200.00 "
NQH5,0.25,1,21672,21672,1/29/2025 4:37,1/29/2025 4:47,9min 36sec,$0.00 ,56,"$5,200.00 "
NQH5,0.25,1,21672,21680,1/29/2025 5:49,1/29/2025 6:00,10min 44sec,$160.00 ,57,"$5,360.00 "
NQH5,0.25,1,21668,21672,1/29/2025 6:11,1/29/2025 6:05,-381sec,$80.00 ,58,"$5,440.00 "
NQH5,0.25,1,21588,21588,1/29/2025 7:19,1/29/2025 7:19,0sec,$0.00 ,59,"$5,440.00 "
NQH5,0.25,1,21584,21572,1/29/2025 7:23,1/29/2025 7:22,-30sec,($240.00),60,"$5,200.00 "
NQH5,0.25,1,21580,21576,1/29/2025 7:36,1/29/2025 7:33,-161sec,($80.00),61,"$5,120.00 "
NQH5,0.25,1,21580,21572,1/29/2025 7:49,1/29/2025 7:47,-119sec,($160.00),62,"$4,960.00 "
NQH5,0.25,1,21592,21612,1/29/2025 7:58,1/29/2025 8:04,5min 52sec,$400.00 ,63,"$5,360.00 "
NQH5,0.25,1,21612,21604,1/29/2025 8:15,1/29/2025 8:11,-240sec,($160.00),64,"$5,200.00 "
NQH5,0.25,1,21620,21612,1/29/2025 8:25,1/29/2025 8:19,-308sec,($160.00),65,"$5,040.00 "
NQH5,0.25,1,21616,21612,1/29/2025 8:28,1/29/2025 8:28,1sec,($80.00),66,"$4,960.00 "
NQH5,0.25,1,21548,21536,1/29/2025 8:35,1/29/2025 8:34,-19sec,($240.00),67,"$4,720.00 "
NQH5,0.25,1,21560,21552,1/29/2025 8:35,1/29/2025 8:36,41sec,($160.00),68,"$4,560.00 "
NQH5,0.25,1,21540,21536,1/29/2025 8:38,1/29/2025 8:37,-22sec,($80.00),69,"$4,480.00 "
NQH5,0.25,1,21528,21516,1/29/2025 8:44,1/29/2025 8:44,9sec,($240.00),70,"$4,240.00 "
NQH5,0.25,1,21512,21500,1/29/2025 8:45,1/29/2025 8:45,-11sec,($240.00),71,"$4,000.00 "
NQH5,0.25,1,21524,21516,1/29/2025 8:45,1/29/2025 8:46,30sec,($160.00),72,"$3,840.00 "
NQH5,0.25,1,21508,21516,1/29/2025 8:49,1/29/2025 8:48,-67sec,$160.00 ,73,"$4,000.00 "
NQH5,0.25,1,21512,21504,1/29/2025 8:50,1/29/2025 8:49,-63sec,($160.00),74,"$3,840.00 "
NQH5,0.25,1,21528,21548,1/29/2025 8:52,1/29/2025 8:53,1min 14sec,$400.00 ,75,"$4,240.00 "
NQH5,0.25,1,21528,21520,1/29/2025 8:54,1/29/2025 8:54,-17sec,($160.00),76,"$4,080.00 "
NQH5,0.25,1,21528,21524,1/29/2025 8:55,1/29/2025 8:55,22sec,($80.00),77,"$4,000.00 "
NQH5,0.25,1,21536,21532,1/29/2025 8:56,1/29/2025 8:57,42sec,($80.00),78,"$3,920.00 "
NQH5,0.25,1,21532,21528,1/29/2025 8:57,1/29/2025 8:57,6sec,($80.00),79,"$3,840.00 "
NQH5,0.25,1,21528,21516,1/29/2025 9:00,1/29/2025 8:58,-144sec,($240.00),80,"$3,600.00 "
NQH5,0.25,1,21532,21536,1/29/2025 9:05,1/29/2025 9:03,-83sec,$80.00 ,81,"$3,680.00 "
NQH5,0.25,1,21548,21556,1/29/2025 9:06,1/29/2025 9:08,2min 2sec,$160.00 ,82,"$3,840.00 "
NQH5,0.25,1,21516,21536,1/29/2025 9:13,1/29/2025 9:15,1min 54sec,$400.00 ,83,"$4,240.00 "
NQH5,0.25,1,21516,21520,1/29/2025 9:18,1/29/2025 9:16,-84sec,$80.00 ,84,"$4,320.00 "
NQH5,0.25,1,21532,21528,1/29/2025 9:19,1/29/2025 9:20,1min 39sec,($80.00),85,"$4,240.00 "
NQH5,0.25,1,21520,21520,1/29/2025 9:25,1/29/2025 9:25,0sec,$0.00 ,86,"$4,240.00 "
NQH5,0.25,1,21508,21512,1/29/2025 9:30,1/29/2025 9:31,40sec,$80.00 ,87,"$4,320.00 "
NQH5,0.25,1,21508,21512,1/29/2025 9:38,1/29/2025 9:37,-61sec,$80.00 ,88,"$4,400.00 "
NQH5,0.25,1,21476,21468,1/29/2025 9:46,1/29/2025 9:46,12sec,($160.00),89,"$4,240.00 "
NQH5,0.25,1,21500,21504,1/29/2025 9:57,1/29/2025 9:56,-40sec,$80.00 ,90,"$4,320.00 "
NQH5,0.25,1,21520,21516,1/29/2025 10:02,1/29/2025 10:05,2min 33sec,($80.00),91,"$4,240.00 "
NQH5,0.25,1,21492,21480,1/29/2025 10:19,1/29/2025 10:18,-86sec,($240.00),92,"$4,000.00 "
NQH5,0.25,1,21492,21488,1/29/2025 10:22,1/29/2025 10:22,-23sec,($80.00),93,"$3,920.00 "
NQH5,0.25,1,21496,21484,1/29/2025 10:31,1/29/2025 10:30,-64sec,($240.00),94,"$3,680.00 "
NQH5,0.25,1,21512,21500,1/29/2025 10:37,1/29/2025 10:37,54sec,($240.00),95,"$3,440.00 "
NQH5,0.25,1,21480,21484,1/29/2025 10:40,1/29/2025 10:38,-105sec,$80.00 ,96,"$3,520.00 "
NQH5,0.25,1,21496,21500,1/29/2025 10:44,1/29/2025 10:46,1min 28sec,$80.00 ,97,"$3,600.00 "
NQH5,0.25,1,21508,21496,1/29/2025 10:53,1/29/2025 10:55,1min 40sec,($240.00),98,"$3,360.00 "
NQH5,0.25,1,21480,21484,1/29/2025 10:57,1/29/2025 10:56,-97sec,$80.00 ,99,"$3,440.00 "
NQH5,0.25,1,21496,21508,1/29/2025 11:00,1/29/2025 11:02,2min 11sec,$240.00 ,100,"$3,680.00 "
NQH5,0.25,1,21520,21516,1/29/2025 11:08,1/29/2025 11:08,-19sec,($80.00),101,"$3,600.00 "
NQH5,0.25,1,21532,21528,1/29/2025 11:21,1/29/2025 11:23,2min 3sec,($80.00),102,"$3,520.00 "
NQH5,0.25,1,21540,21532,1/29/2025 11:24,1/29/2025 11:26,2min 22sec,($160.00),103,"$3,360.00 "
NQH5,0.25,1,21388,21392,1/29/2025 12:04,1/29/2025 12:03,-38sec,$80.00 ,104,"$3,440.00 "
NQH5,0.25,1,21436,21452,1/29/2025 12:12,1/29/2025 12:11,-55sec,$320.00 ,105,"$3,760.00 "
NQH5,0.25,1,21456,21452,1/29/2025 12:14,1/29/2025 12:15,1min 2sec,($80.00),106,"$3,680.00 "
NQH5,0.25,1,21456,21472,1/29/2025 12:24,1/29/2025 12:26,1min 31sec,$320.00 ,107,"$4,000.00 "
NQH5,0.25,1,21488,21488,1/29/2025 12:34,1/29/2025 12:33,-67sec,$0.00 ,108,"$4,000.00 "
NQH5,0.25,1,21476,21484,1/29/2025 12:48,1/29/2025 12:50,1min 53sec,$160.00 ,109,"$4,160.00 "
NQH5,0.25,1,21484,21476,1/29/2025 12:51,1/29/2025 12:51,-35sec,($160.00),110,"$4,000.00 "
NQH5,0.25,1,21460,21464,1/29/2025 13:00,1/29/2025 13:00,1sec,$80.00 ,111,"$4,080.00 "
NQH5,0.25,1,21436,21436,1/29/2025 13:00,1/29/2025 13:00,0sec,$0.00 ,112,"$4,080.00 "
NQH5,0.25,1,21444,21444,1/29/2025 13:00,1/29/2025 13:00,0sec,$0.00 ,113,"$4,080.00 "
NQH5,0.25,1,21412,21412,1/29/2025 13:00,1/29/2025 13:00,0sec,$0.00 ,114,"$4,080.00 "
NQH5,0.25,1,21412,21420,1/29/2025 13:00,1/29/2025 13:00,-1sec,$160.00 ,115,"$4,240.00 "
NQH5,0.25,1,21416,21408,1/29/2025 13:00,1/29/2025 13:00,5sec,($160.00),116,"$4,080.00 "
NQH5,0.25,1,21460,21456,1/29/2025 13:03,1/29/2025 13:02,-23sec,($80.00),117,"$4,000.00 "
NQH5,0.25,1,21400,21416,1/29/2025 13:17,1/29/2025 13:16,-40sec,$320.00 ,118,"$4,320.00 "
NQH5,0.25,1,21412,21408,1/29/2025 13:20,1/29/2025 13:20,50sec,($80.00),119,"$4,240.00 "
NQH5,0.25,1,21412,21404,1/29/2025 13:27,1/29/2025 13:26,-43sec,($160.00),120,"$4,080.00 "
NQH5,0.25,1,21412,21432,1/29/2025 13:37,1/29/2025 13:37,37sec,$400.00 ,121,"$4,480.00 "
NQH5,0.25,1,21484,21484,1/29/2025 13:39,1/29/2025 13:39,0sec,$0.00 ,122,"$4,480.00 "
NQH5,0.25,1,21536,21528,1/29/2025 13:41,1/29/2025 13:41,-6sec,($160.00),123,"$4,320.00 "
NQH5,0.25,1,21552,21556,1/29/2025 13:41,1/29/2025 13:42,35sec,$80.00 ,124,"$4,400.00 "
NQH5,0.25,1,21532,21552,1/29/2025 13:42,1/29/2025 13:42,-25sec,$400.00 ,125,"$4,800.00 "
NQH5,0.25,1,21540,21532,1/29/2025 13:44,1/29/2025 13:44,11sec,($160.00),126,"$4,640.00 "
NQH5,0.25,1,21544,21544,1/29/2025 13:44,1/29/2025 13:44,0sec,$0.00 ,127,"$4,640.00 "
NQH5,0.25,1,21524,21528,1/29/2025 13:45,1/29/2025 13:45,-10sec,$80.00 ,128,"$4,720.00 "
NQH5,0.25,1,21532,21552,1/29/2025 13:46,1/29/2025 13:46,42sec,$400.00 ,129,"$5,120.00 "
NQH5,0.25,1,21544,21548,1/29/2025 13:48,1/29/2025 13:48,-15sec,$80.00 ,130,"$5,200.00 "
NQH5,0.25,1,21552,21540,1/29/2025 13:50,1/29/2025 13:50,10sec,($240.00),131,"$4,960.00 "
NQH5,0.25,1,21520,21540,1/29/2025 13:57,1/29/2025 13:57,21sec,$400.00 ,132,"$5,360.00 "
NQH5,0.25,1,21540,21536,1/29/2025 14:00,1/29/2025 13:59,-62sec,($80.00),133,"$5,280.00 "
NQH5,0.25,1,21684,21684,1/30/2025 2:42,1/30/2025 2:32,-601sec,$0.00 ,134,"$5,280.00 "
NQH5,0.25,1,21624,21620,1/30/2025 4:26,1/30/2025 4:17,-511sec,($80.00),135,"$5,200.00 "
NQH5,0.25,1,21640,21636,1/30/2025 4:35,1/30/2025 4:45,9min 27sec,($80.00),136,"$5,120.00 "
NQH5,0.25,1,21632,21628,1/30/2025 5:02,1/30/2025 5:00,-112sec,($80.00),137,"$5,040.00 "
NQH5,0.25,1,21648,21652,1/30/2025 6:00,1/30/2025 5:47,-751sec,$80.00 ,138,"$5,120.00 "
NQH5,0.25,1,21648,21644,1/30/2025 6:06,1/30/2025 6:07,1min 30sec,($80.00),139,"$5,040.00 "
NQH5,0.25,1,21596,21624,1/30/2025 6:17,1/30/2025 6:11,-337sec,$560.00 ,140,"$5,600.00 "
NQH5,0.25,1,21632,21636,1/30/2025 7:09,1/30/2025 7:19,10min 47sec,$80.00 ,141,"$5,680.00 "
NQH5,0.25,1,21652,21656,1/30/2025 7:31,1/30/2025 7:32,1min 7sec,$80.00 ,142,"$5,760.00 "
NQH5,0.25,1,21624,21640,1/30/2025 7:38,1/30/2025 7:34,-244sec,$320.00 ,143,"$6,080.00 "
NQH5,0.25,1,21660,21648,1/30/2025 8:06,1/30/2025 8:05,-68sec,($240.00),144,"$5,840.00 "
NQH5,0.25,1,21656,21648,1/30/2025 8:13,1/30/2025 8:15,1min 35sec,($160.00),145,"$5,680.00 "
NQH5,0.25,1,21640,21644,1/30/2025 8:27,1/30/2025 8:27,0sec,$80.00 ,146,"$5,760.00 "
NQH5,0.25,1,21636,21636,1/30/2025 8:30,1/30/2025 8:30,-10sec,$0.00 ,147,"$5,760.00 "
NQH5,0.25,1,21660,21656,1/30/2025 8:31,1/30/2025 8:32,1min 15sec,($80.00),148,"$5,680.00 "
NQH5,0.25,1,21604,21652,1/30/2025 8:35,1/30/2025 8:33,-151sec,$960.00 ,149,"$6,640.00 "
NQH5,0.25,1,21612,21644,1/30/2025 8:37,1/30/2025 8:41,4min 51sec,$640.00 ,150,"$7,280.00 "
NQH5,0.25,1,21632,21628,1/30/2025 8:43,1/30/2025 8:42,-58sec,($80.00),151,"$7,200.00 "
NQH5,0.25,1,21648,21644,1/30/2025 8:43,1/30/2025 8:45,1min 23sec,($80.00),152,"$7,120.00 "
NQH5,0.25,1,21644,21640,1/30/2025 8:45,1/30/2025 8:45,10sec,($80.00),153,"$7,040.00 "
NQH5,0.25,1,21716,21720,1/30/2025 8:55,1/30/2025 8:57,1min 44sec,$80.00 ,154,"$7,120.00 "
NQH5,0.25,1,21668,21664,1/30/2025 8:59,1/30/2025 9:00,37sec,($80.00),155,"$7,040.00 "
NQH5,0.25,1,21584,21572,1/30/2025 9:08,1/30/2025 9:07,-14sec,($240.00),156,"$6,800.00 "
NQH5,0.25,1,21580,21596,1/30/2025 9:13,1/30/2025 9:12,-45sec,$320.00 ,157,"$7,120.00 "
NQH5,0.25,1,21596,21592,1/30/2025 9:15,1/30/2025 9:16,52sec,($80.00),158,"$7,040.00 "
NQH5,0.25,1,21576,21576,1/30/2025 9:18,1/30/2025 9:18,0sec,$0.00 ,159,"$7,040.00 "
NQH5,0.25,1,21564,21556,1/30/2025 9:22,1/30/2025 9:22,-23sec,($160.00),160,"$6,880.00 "
NQH5,0.25,1,21580,21596,1/30/2025 9:23,1/30/2025 9:25,1min 34sec,$320.00 ,161,"$7,200.00 "
NQH5,0.25,1,21560,21580,1/30/2025 9:27,1/30/2025 9:26,-63sec,$400.00 ,162,"$7,600.00 "
NQH5,0.25,1,21580,21572,1/30/2025 9:48,1/30/2025 9:49,35sec,($160.00),163,"$7,440.00 "
NQH5,0.25,1,21540,21556,1/30/2025 9:52,1/30/2025 9:51,-55sec,$320.00 ,164,"$7,760.00 "
NQH5,0.25,1,21472,21464,1/30/2025 10:00,1/30/2025 9:59,-30sec,($160.00),165,"$7,600.00 "
NQH5,0.25,1,21476,21468,1/30/2025 10:01,1/30/2025 10:01,12sec,($160.00),166,"$7,440.00 "
NQH5,0.25,1,21452,21452,1/30/2025 10:01,1/30/2025 10:01,0sec,$0.00 ,167,"$7,440.00 "
NQH5,0.25,1,21468,21476,1/30/2025 10:03,1/30/2025 10:04,1min 26sec,$160.00 ,168,"$7,600.00 "
NQH5,0.25,1,21476,21460,1/30/2025 10:10,1/30/2025 10:09,-31sec,($320.00),169,"$7,280.00 "
NQH5,0.25,1,21452,21452,1/30/2025 10:13,1/30/2025 10:13,0sec,$0.00 ,170,"$7,280.00 "
NQH5,0.25,1,21436,21436,1/30/2025 10:15,1/30/2025 10:17,1min 25sec,$0.00 ,171,"$7,280.00 "
NQH5,0.25,1,21532,21524,1/30/2025 10:27,1/30/2025 10:26,-37sec,($160.00),172,"$7,120.00 "
NQH5,0.25,1,21556,21560,1/30/2025 10:30,1/30/2025 10:30,18sec,$80.00 ,173,"$7,200.00 "
NQH5,0.25,1,21528,21544,1/30/2025 10:35,1/30/2025 10:31,-208sec,$320.00 ,174,"$7,520.00 "
NQH5,0.25,1,21540,21532,1/30/2025 10:36,1/30/2025 10:38,1min 38sec,($160.00),175,"$7,360.00 "
NQH5,0.25,1,21556,21564,1/30/2025 10:46,1/30/2025 10:49,2min 49sec,$160.00 ,176,"$7,520.00 "
NQH5,0.25,1,21588,21600,1/30/2025 11:00,1/30/2025 11:00,-41sec,$240.00 ,177,"$7,760.00 "
NQH5,0.25,1,21580,21572,1/30/2025 11:11,1/30/2025 11:12,22sec,($160.00),178,"$7,600.00 "
NQH5,0.25,1,21536,21560,1/30/2025 11:17,1/30/2025 11:13,-243sec,$480.00 ,179,"$8,080.00 "
NQH5,0.25,1,21552,21540,1/30/2025 11:18,1/30/2025 11:19,1min 31sec,($240.00),180,"$7,840.00 "
NQH5,0.25,1,21516,21524,1/30/2025 11:28,1/30/2025 11:26,-125sec,$160.00 ,181,"$8,000.00 "
NQH5,0.25,1,21532,21520,1/30/2025 11:28,1/30/2025 11:29,39sec,($240.00),182,"$7,760.00 "
NQH5,0.25,1,21516,21520,1/30/2025 11:33,1/30/2025 11:31,-135sec,$80.00 ,183,"$7,840.00 "
NQH5,0.25,1,21520,21524,1/30/2025 11:45,1/30/2025 11:44,-58sec,$80.00 ,184,"$7,920.00 "
NQH5,0.25,1,21540,21544,1/30/2025 11:48,1/30/2025 11:50,2min 0sec,$80.00 ,185,"$8,000.00 "
NQH5,0.25,1,21564,21556,1/30/2025 12:23,1/30/2025 12:15,-517sec,($160.00),186,"$7,840.00 "
NQH5,0.25,1,21568,21600,1/30/2025 12:32,1/30/2025 12:41,8min 26sec,$640.00 ,187,"$8,480.00 "
NQH5,0.25,1,21600,21588,1/30/2025 13:05,1/30/2025 13:04,-23sec,($240.00),188,"$8,240.00 "
NQH5,0.25,1,21616,21608,1/30/2025 13:12,1/30/2025 13:16,4min 33sec,($160.00),189,"$8,080.00 "
NQH5,0.25,1,21784,21772,1/31/2025 2:33,1/31/2025 2:28,-281sec,($240.00),190,"$7,840.00 "
NQH5,0.25,1,21772,21784,1/31/2025 3:05,1/31/2025 3:12,6min 46sec,$240.00 ,191,"$8,080.00 "
NQH5,0.25,1,21788,21776,1/31/2025 4:02,1/31/2025 3:52,-628sec,($240.00),192,"$7,840.00 "
NQH5,0.25,1,21788,21776,1/31/2025 5:03,1/31/2025 4:52,-677sec,($240.00),193,"$7,600.00 "
NQH5,0.25,1,21804,21792,1/31/2025 5:17,1/31/2025 5:31,14min 4sec,($240.00),194,"$7,360.00 "
NQH5,0.25,1,21792,21788,1/31/2025 7:30,1/31/2025 7:30,-2sec,($80.00),195,"$7,280.00 "
NQH5,0.25,1,21788,21784,1/31/2025 7:30,1/31/2025 7:30,-4sec,($80.00),196,"$7,200.00 "
NQH5,0.25,1,21772,21772,1/31/2025 7:35,1/31/2025 7:35,0sec,$0.00 ,197,"$7,200.00 "
NQH5,0.25,1,21784,21772,1/31/2025 7:39,1/31/2025 7:42,3min 26sec,($240.00),198,"$6,960.00 "
NQH5,0.25,1,21768,21768,1/31/2025 8:12,1/31/2025 8:12,0sec,$0.00 ,199,"$6,960.00 "
NQH5,0.25,1,21812,21824,1/31/2025 8:32,1/31/2025 8:32,-16sec,$240.00 ,200,"$7,200.00 "
NQH5,0.25,1,21792,21788,1/31/2025 8:37,1/31/2025 8:38,1min 10sec,($80.00),201,"$7,120.00 "
NQH5,0.25,1,21800,21792,1/31/2025 8:44,1/31/2025 8:43,-55sec,($160.00),202,"$6,960.00 "
NQH5,0.25,1,21820,21808,1/31/2025 8:45,1/31/2025 8:45,6sec,($240.00),203,"$6,720.00 "
NQH5,0.25,1,21824,21816,1/31/2025 8:51,1/31/2025 8:51,-34sec,($160.00),204,"$6,560.00 "
NQH5,0.25,1,21836,21844,1/31/2025 8:52,1/31/2025 8:52,1sec,$160.00 ,205,"$6,720.00 "
NQH5,0.25,1,21844,21836,1/31/2025 8:58,1/31/2025 8:58,-42sec,($160.00),206,"$6,560.00 "
NQH5,0.25,1,21904,21912,1/31/2025 9:11,1/31/2025 9:12,47sec,$160.00 ,207,"$6,720.00 "
NQH5,0.25,1,21888,21896,1/31/2025 9:14,1/31/2025 9:13,-83sec,$160.00 ,208,"$6,880.00 "
NQH5,0.25,1,21904,21892,1/31/2025 9:24,1/31/2025 9:25,1min 6sec,($240.00),209,"$6,640.00 "
NQH5,0.25,1,21904,21912,1/31/2025 9:30,1/31/2025 9:31,1min 19sec,$160.00 ,210,"$6,800.00 "
NQH5,0.25,1,21928,21928,1/31/2025 9:40,1/31/2025 9:40,0sec,$0.00 ,211,"$6,800.00 "
NQH5,0.25,1,21916,21912,1/31/2025 9:44,1/31/2025 9:41,-188sec,($80.00),212,"$6,720.00 "
NQH5,0.25,1,21920,21924,1/31/2025 9:49,1/31/2025 9:50,1min 37sec,$80.00 ,213,"$6,800.00 "
NQH5,0.25,1,21952,21944,1/31/2025 10:00,1/31/2025 10:00,-17sec,($160.00),214,"$6,640.00 "
NQH5,0.25,1,21964,21956,1/31/2025 10:03,1/31/2025 10:04,1min 6sec,($160.00),215,"$6,480.00 "
NQH5,0.25,1,21948,21944,1/31/2025 10:17,1/31/2025 10:17,7sec,($80.00),216,"$6,400.00 "
NQH5,0.25,1,21920,21916,1/31/2025 10:36,1/31/2025 10:36,-35sec,($80.00),217,"$6,320.00 "
NQH5,0.25,1,21888,21900,1/31/2025 10:43,1/31/2025 10:39,-227sec,$240.00 ,218,"$6,560.00 "
NQH5,0.25,1,21904,21896,1/31/2025 10:48,1/31/2025 10:52,4min 0sec,($160.00),219,"$6,400.00 "
NQH5,0.25,1,21876,21884,1/31/2025 11:06,1/31/2025 11:05,-62sec,$160.00 ,220,"$6,560.00 "
NQH5,0.25,1,21900,21892,1/31/2025 11:10,1/31/2025 11:10,46sec,($160.00),221,"$6,400.00 "
NQH5,0.25,1,21904,21904,1/31/2025 11:12,1/31/2025 11:13,51sec,$0.00 ,222,"$6,400.00 "
NQH5,0.25,1,21908,21900,1/31/2025 11:18,1/31/2025 11:17,-24sec,($160.00),223,"$6,240.00 "
NQH5,0.25,1,21904,21900,1/31/2025 11:19,1/31/2025 11:19,20sec,($80.00),224,"$6,160.00 "
NQH5,0.25,1,21916,21912,1/31/2025 11:22,1/31/2025 11:24,1min 40sec,($80.00),225,"$6,080.00 "
NQH5,0.25,1,21920,21924,1/31/2025 11:39,1/31/2025 11:35,-273sec,$80.00 ,226,"$6,160.00 "
NQH5,0.25,1,21920,21916,1/31/2025 11:49,1/31/2025 11:40,-553sec,($80.00),227,"$6,080.00 "
NQH5,0.25,1,21916,21912,1/31/2025 12:03,1/31/2025 11:57,-363sec,($80.00),228,"$6,000.00 "
NQH5,0.25,1,21852,21864,1/31/2025 12:20,1/31/2025 12:20,41sec,$240.00 ,229,"$6,240.00 "
NQH5,0.25,1,21852,21852,1/31/2025 12:21,1/31/2025 12:21,-14sec,$0.00 ,230,"$6,240.00 "
NQH5,0.25,1,21868,21872,1/31/2025 12:22,1/31/2025 12:22,43sec,$80.00 ,231,"$6,320.00 "
NQH5,0.25,1,21844,21856,1/31/2025 12:24,1/31/2025 12:23,-59sec,$240.00 ,232,"$6,560.00 "
NQH5,0.25,1,21816,21828,1/31/2025 12:26,1/31/2025 12:26,-8sec,$240.00 ,233,"$6,800.00 "
NQH5,0.25,1,21836,21836,1/31/2025 12:27,1/31/2025 12:28,59sec,$0.00 ,234,"$6,800.00 "
NQH5,0.25,1,21808,21812,1/31/2025 12:30,1/31/2025 12:30,0sec,$80.00 ,235,"$6,880.00 "
NQH5,0.25,1,21824,21812,1/31/2025 12:32,1/31/2025 12:32,10sec,($240.00),236,"$6,640.00 "
NQH5,0.25,1,21756,21796,1/31/2025 12:34,1/31/2025 12:33,-82sec,$800.00 ,237,"$7,440.00 "
NQH5,0.25,1,21768,21768,1/31/2025 12:35,1/31/2025 12:35,22sec,$0.00 ,238,"$7,440.00 "
NQH5,0.25,1,21744,21752,1/31/2025 12:37,1/31/2025 12:37,-25sec,$160.00 ,239,"$7,600.00 "
NQH5,0.25,1,21760,21760,1/31/2025 12:38,1/31/2025 12:39,55sec,$0.00 ,240,"$7,600.00 "
NQH5,0.25,1,21784,21784,1/31/2025 12:42,1/31/2025 12:42,-33sec,$0.00 ,241,"$7,600.00 "
NQH5,0.25,1,21772,21764,1/31/2025 12:45,1/31/2025 12:46,1min 1sec,($160.00),242,"$7,440.00 "
NQH5,0.25,1,21776,21764,1/31/2025 12:49,1/31/2025 12:49,-21sec,($240.00),243,"$7,200.00 "
NQH5,0.25,1,21772,21764,1/31/2025 12:52,1/31/2025 12:51,-43sec,($160.00),244,"$7,040.00 "
NQH5,0.25,1,21736,21756,1/31/2025 12:54,1/31/2025 12:55,1min 0sec,$400.00 ,245,"$7,440.00 "
NQH5,0.25,1,21756,21748,1/31/2025 12:59,1/31/2025 12:59,-50sec,($160.00),246,"$7,280.00 "
NQH5,0.25,1,21764,21780,1/31/2025 13:01,1/31/2025 13:02,54sec,$320.00 ,247,"$7,600.00 "
NQH5,0.25,1,21736,21752,1/31/2025 13:03,1/31/2025 13:02,-17sec,$320.00 ,248,"$7,920.00 "
NQH5,0.25,1,21748,21740,1/31/2025 13:03,1/31/2025 13:04,25sec,($160.00),249,"$7,760.00 "
NQH5,0.25,1,21744,21732,1/31/2025 13:04,1/31/2025 13:04,-11sec,($240.00),250,"$7,520.00 "
NQH5,0.25,1,21716,21732,1/31/2025 13:06,1/31/2025 13:05,-24sec,$320.00 ,251,"$7,840.00 "
NQH5,0.25,1,21700,21700,1/31/2025 13:27,1/31/2025 13:27,0sec,$0.00 ,252,"$7,840.00 "
NQH5,0.25,1,21716,21712,1/31/2025 13:28,1/31/2025 13:28,-2sec,($80.00),253,"$7,760.00 "
NQH5,0.25,1,21716,21728,1/31/2025 13:30,1/31/2025 13:31,1min 16sec,$240.00 ,254,"$8,000.00 "
NQH5,0.25,1,21716,21708,1/31/2025 13:32,1/31/2025 13:32,-27sec,($160.00),255,"$7,840.00 "
NQH5,0.25,1,21732,21720,1/31/2025 13:34,1/31/2025 13:35,32sec,($240.00),256,"$7,600.00 "
NQH5,0.25,1,21676,21664,1/31/2025 13:41,1/31/2025 13:42,13sec,($240.00),257,"$7,360.00 "
NQH5,0.25,1,21644,21648,1/31/2025 13:43,1/31/2025 13:43,0sec,$80.00 ,258,"$7,440.00 "
NQH5,0.25,1,21628,21636,1/31/2025 13:53,1/31/2025 13:53,-28sec,$160.00 ,259,"$7,600.00 "
NQH5,0.25,1,21652,21668,1/31/2025 13:54,1/31/2025 13:55,38sec,$320.00 ,260,"$7,920.00 "
NQH5,0.25,1,21660,21656,1/31/2025 13:58,1/31/2025 13:57,-60sec,($80.00),261,"$7,840.00 "
NQH5,0.25,1,21676,21664,1/31/2025 13:58,1/31/2025 13:59,42sec,($240.00),262,"$7,600.00 "
